account_id,owner_name,phone,id_number,city,account_type,opened_date
ACC30877432D1,Folake Okonkwo,07499635468,93774863057,Lagos,blaze_youth,2026-05-02
ACC6D7E805DA8,Chiamaka Suleiman,07722831292,19028924397,Benin City,savings,2025-08-18
ACCBB81E3C29B,Tunde Nwachukwu,07149368553,61973405392,Kano,current,2023-04-07
ACCB5BB682575,Aisha Mohammed,08987262417,42456852025,Abeokuta,current,2023-11-29
ACC171AC826A6,Fatima Nnamdi,08899842598,99827297893,Kaduna,savings,2022-10-29
ACC8478DCB74F,Emeka Eze,07328224239,34169696708,Abeokuta,current,2025-12-28
ACC2CCE8038A3,Damilola Nwosu,07974364241,47450743307,Owerri,savings,2024-11-08
ACC3964B50AF0,Kelechi Ekeh,07660381567,15323407159,Ibadan,blaze_youth,2025-11-15
ACC22F244F58D,Abdullahi Suleiman,08567515029,38732762716,Jos,current,2025-04-25
ACCCBEE3772A0,Temitope Adebayo,08263665529,10945826486,Abuja,blaze_youth,2023-03-16
ACC1721A278F6,Kunle Ogundipe,09009001531,91099217763,Uyo,current,2023-06-24
ACC7FD633DBDD,Emeka Abdullahi,08403284967,14717668846,Benin City,blaze_youth,2023-11-19
ACCA3766E4D58,Segun Balogun,07951616026,86690793838,Abuja,savings,2023-11-28
ACC0275DFF6C1,Aisha Okafor,07838424338,50608951738,Benin City,blaze_youth,2025-07-30
ACCF469611A11,Grace Yusuf,08974368819,82381880778,Port Harcourt,savings,2023-03-24
ACC25227C3712,Yusuf Danjuma,08122667338,36889783906,Abeokuta,blaze_youth,2024-02-25
ACCA78C49EA20,Emmanuel Danjuma,07214708106,83329096416,Ibadan,blaze_youth,2023-12-07
ACC84B27B95E9,Precious Okafor,08434225304,86523879578,Kano,blaze_youth,2023-01-27
ACC348334896A,Ifeoma Yusuf,08049114160,18808114191,Abeokuta,current,2025-05-12
ACC810A485ED0,Oluwaseun Nwachukwu,08941171829,83654627323,Lagos,current,2025-11-15
ACC4D419B1B67,Ibrahim Afolabi,08675286878,69591437379,Uyo,blaze_youth,2022-10-06
ACC4755D05AD7,Chidinma Ekeh,08505983442,62003874727,Lagos,current,2025-01-02
ACC76EB97706C,Musa Balogun,09076378536,47681150998,Enugu,blaze_youth,2024-08-29
ACCCA0385813D,Adaobi Bello,08301823594,82946737519,Abuja,current,2024-07-25
ACC681D06BD2A,Adaobi Abdullahi,08821098953,52520377395,Owerri,current,2023-01-03
ACCDAC946DC59,Temitope Okafor,07652566491,37002088812,Benin City,blaze_youth,2024-03-23
ACCAEEE6F529A,Segun Abdullahi,07666620722,28035125736,Lagos,savings,2025-12-23
ACC7F2ED6CFC7,Chinedu Suleiman,08847782044,41890760083,Port Harcourt,blaze_youth,2025-09-03
ACCE173E4EAED,Temitope Okoro,08926739740,78124601904,Kaduna,current,2021-11-04
ACC78F78E2978,Adaobi Oyelaran,07173039205,27774181255,Ibadan,current,2024-08-14
ACC462DDAED16,Nkechi Nnamdi,08943125824,90615659007,Jos,savings,2021-10-31
ACCCF0B9CD7F7,Damilola Adewale,07062330333,54619801932,Abeokuta,blaze_youth,2024-12-21
ACCC5E40C02D4,Chukwuemeka Nwosu,07107985429,62656970404,Enugu,savings,2021-08-22
ACCEAAC8D82F0,Abdullahi Adeyemi,09044231981,41567839299,Abeokuta,savings,2022-04-20
ACC10760474F3,Chiamaka Okoro,08502089592,33059229191,Uyo,blaze_youth,2023-05-04
ACC359309CC62,Segun Eze,08497210568,51972485812,Abeokuta,blaze_youth,2023-03-08
ACC31BDB2A0DF,Damilola Afolabi,08364908620,66491666830,Port Harcourt,blaze_youth,2025-11-28
ACC8FED8A728E,Chukwuemeka Danjuma,08310677354,64409455182,Enugu,savings,2025-02-18
ACCFA5F6B8A88,Chinedu Yusuf,09035948895,19410515698,Ibadan,blaze_youth,2023-05-21
ACCDF7FFE0297,Segun Chukwu,08425843289,59742402490,Kaduna,blaze_youth,2024-03-26
ACCBDABE89873,Tunde Ibrahim,07256741854,86205093898,Jos,savings,2022-06-16
ACC66F893697B,Obinna Okafor,08520458119,29473961937,Kano,savings,2025-06-30
ACC194F309FFE,Uche Adeyemi,07542193200,24936733140,Abuja,current,2024-08-04
ACCF21449273D,Ronke Ekeh,08328043297,63784039499,Kaduna,current,2023-02-07
ACC9D91366825,Uche Oyelaran,07161200591,10672302490,Benin City,current,2025-02-26
ACCF91799E278,Yusuf Abdullahi,08726374301,39779879293,Benin City,savings,2022-01-31
ACC748421599E,Chukwuemeka Nwachukwu,07653030850,64544940833,Kano,blaze_youth,2025-10-21
ACCFE21DA8027,Chioma Danjuma,09041797994,47887715751,Uyo,savings,2022-09-21
ACC5FE85DF2FB,Femi Ibrahim,08439100762,53640410454,Benin City,blaze_youth,2024-03-18
ACCF9C1E2A8A3,Suleiman Yusuf,08771517670,14243939720,Abeokuta,blaze_youth,2022-03-03
ACCED16BFE168,Kunle Chukwu,07940847139,24966723213,Lagos,blaze_youth,2023-06-04
ACC7590D273E3,Yetunde Adewale,09002857198,51732493514,Owerri,blaze_youth,2022-11-14
ACC8DFF7E4C64,Oluwaseun Mohammed,08659307214,54731837094,Owerri,current,2021-08-28
ACC099F4EFBAC,Adaobi Okonkwo,08497866479,88335073328,Benin City,savings,2023-12-13
ACCD1AFCC4F14,Yusuf Ibrahim,08867667211,73758958832,Abuja,blaze_youth,2023-09-08
ACCE04D42F8AC,Folake Ibrahim,08830389072,63831497941,Enugu,blaze_youth,2022-11-10
ACCF127972D33,Chidinma Nwachukwu,07643098499,13880176825,Lagos,current,2024-01-06
ACC19BBD47D55,Folake Uzoma,08870113799,93247393883,Abeokuta,savings,2025-07-09
ACCF47E8E80E9,Abdullahi Nwosu,07158617224,51178306916,Abeokuta,current,2022-09-14
ACC8E96CF37CB,Halima Nwachukwu,07634003224,46059711101,Lagos,blaze_youth,2023-04-12
ACC1F97B76843,Adaeze Chukwu,08693528122,16188288504,Uyo,current,2022-12-25
ACC429AD564B8,Chidinma Mohammed,08962905175,52118547373,Jos,current,2021-11-05
ACC3E247CB2C0,Abdullahi Eze,07976645563,88435386015,Benin City,blaze_youth,2025-01-07
ACCB37F0A72E9,Nkechi Eze,07300168856,48814530539,Kaduna,savings,2022-11-11
ACC374CEBD4D3,Fatima Uzoma,07876422184,15496442074,Jos,current,2021-10-29
ACC6EE7B3BB1C,Tunde Eze,09037985143,20542930840,Abeokuta,savings,2024-12-14
ACC01A7462667,Yetunde Ekeh,08933875668,12559721644,Kano,savings,2024-08-29
ACC4853040B7A,Uche Mohammed,07112526041,80527488574,Abuja,blaze_youth,2026-05-31
ACC2FEB3E719E,Ngozi Adeyemi,08028605815,65178727099,Benin City,blaze_youth,2022-11-23
ACC3FE22A4248,Yusuf Oyelaran,08529336485,62936268402,Uyo,blaze_youth,2023-01-01
ACC9ED336DE7D,Chukwuemeka Nnamdi,07893330971,26018563769,Enugu,current,2024-08-07
ACCA8B4F2222D,Kelechi Ekeh,07279420809,16684561411,Uyo,blaze_youth,2025-12-17
ACCA3DBD199B3,Ejiro Okonkwo,07332280517,77245170371,Ibadan,savings,2023-04-06
ACCBB387D0805,Obinna Ibrahim,07753817064,31501060640,Port Harcourt,blaze_youth,2024-12-20
ACCC24026CDEA,Kelechi Chukwu,08549615540,91352725415,Uyo,savings,2025-08-14
ACC145128EDFE,Musa Okonkwo,08621228051,25085412535,Enugu,current,2024-03-06
ACC39F917C106,Chiamaka Suleiman,07294709488,47641784431,Kano,current,2024-10-23
ACC30FD54C7B2,Adaeze Bello,07040247151,88653996486,Benin City,blaze_youth,2024-04-10
ACCCD93C0A5EB,Damilola Eze,07522518148,89180627752,Benin City,blaze_youth,2026-01-03
ACC2C9A7A5236,Blessing Afolabi,08562034727,40699094081,Abuja,savings,2022-02-24
ACC865425FEEA,Adaobi Abubakar,07944383469,74717796699,Kaduna,blaze_youth,2021-08-28
ACC981B29EE11,Halima Balogun,08384410698,22263391655,Uyo,blaze_youth,2024-06-07
ACCCE1E6AF41E,Femi Nwachukwu,07181095425,98066367387,Port Harcourt,savings,2025-12-03
ACC7EE5BB9CDA,Ronke Adeyemi,08694851926,98608983134,Enugu,savings,2022-09-11
ACCA3C984A24B,Suleiman Abubakar,08277841297,49018571056,Owerri,current,2024-10-05
ACCA42DB0B956,Fatima Okonkwo,07486497486,31474736072,Port Harcourt,savings,2024-08-02
ACC931A4C4555,Olamide Adeyemi,07882312155,43155368008,Kaduna,blaze_youth,2022-06-17
ACC9E779F6BEE,Halima Suleiman,07820064813,80879444533,Benin City,savings,2022-03-10
ACC6481FB3392,Chidinma Mohammed,07964905668,82607737306,Port Harcourt,current,2022-03-23
ACC27EB0D1CB7,Folake Afolabi,07482193320,53070737542,Abuja,blaze_youth,2024-05-03
ACCA4419F4FE0,Ngozi Mohammed,07463115030,30766008397,Owerri,blaze_youth,2026-01-21
ACCD3979317DE,Amina Adewale,08281487333,12302333490,Abeokuta,blaze_youth,2026-02-24
ACC749D0B7D52,Kelechi Balogun,09047418800,85273852135,Owerri,blaze_youth,2023-07-26
ACC0CF1CB80B2,Segun Ogundipe,08411120948,25583245000,Uyo,blaze_youth,2024-07-26
ACCA41BA5EF54,Chukwuemeka Adeyemi,07630163133,15160794024,Ibadan,savings,2026-02-23
ACCA9CF8169B1,Femi Mohammed,07267308037,60677789788,Benin City,current,2021-08-24
ACCECA5FFB82D,Damilola Uzoma,08765964455,83789498727,Kano,current,2026-01-22
ACC32A99ED5EB,Adaeze Ogundipe,08868390595,61159963500,Uyo,current,2023-12-30
ACC812CB504E1,Oluwaseun Adebayo,08671849032,60015593727,Enugu,current,2025-10-17
ACC14EBBE24BC,Musa Adebayo,09062701112,10487258103,Jos,savings,2024-09-27
ACCFC388E69F6,Kunle Balogun,07970754284,73193442499,Abuja,blaze_youth,2025-10-24
ACCAB29955B73,Kunle Adebayo,08697313221,12121808073,Enugu,blaze_youth,2025-05-17
ACCBE4229CFDD,Chioma Balogun,07269137209,57126012106,Abeokuta,savings,2021-11-19
ACCEEB454D134,Chidinma Nwosu,07692908674,58213027762,Owerri,current,2024-10-18
ACC2868492545,Emmanuel Ogundipe,08937032165,55548724783,Uyo,savings,2022-10-22
ACC02186D0F99,Segun Ekeh,08733769447,64481620807,Kano,current,2023-10-17
ACC215EDFE6A4,Adaobi Ogundipe,08848505320,28892343988,Enugu,blaze_youth,2024-09-30
ACC3A7E38E743,Halima Nnamdi,08855777737,68477600839,Ibadan,savings,2026-03-21
ACCAA65FEF9F0,Suleiman Yusuf,07981895319,44216658550,Ibadan,blaze_youth,2025-12-30
ACCB119FF903D,Ifeoma Ogundipe,07785501497,64820347372,Enugu,savings,2025-10-01
ACCC16B92CE83,Ibrahim Nnamdi,07801437321,84470804290,Enugu,savings,2025-10-12
ACC6C1114AFE4,Ejiro Abubakar,07704301294,95604576882,Enugu,savings,2023-02-07
ACCC9AF9F0BA3,Yusuf Chukwu,08711017923,12702653209,Uyo,current,2024-03-01
ACC871F5C4713,Ngozi Okoro,07673649475,28978516869,Benin City,blaze_youth,2025-06-07
ACC6DF146AFCA,Chukwuemeka Oyelaran,07735141671,59590865869,Abeokuta,blaze_youth,2025-07-13
ACC8F67897996,Fatima Ibrahim,08030370000,84512542266,Jos,current,2022-08-19
ACC93CCB49192,Olamide Olawale,07550709238,77634303842,Ibadan,savings,2024-07-23
ACC8843771771,Nkechi Ibrahim,08540514700,24913861222,Abeokuta,savings,2025-12-09
ACC05DFF69A91,Folake Olawale,08232941999,84011822189,Jos,blaze_youth,2022-03-11
ACC15D51CF591,Obinna Danjuma,08294466566,57171599560,Kano,current,2026-06-14
ACCF4E863A5E8,Uche Okafor,08581874880,88576530849,Abeokuta,savings,2022-06-22
ACC5CDA2C354F,Segun Okafor,07560032117,41712210547,Kaduna,current,2024-09-08
ACCA908B713E9,Suleiman Abdullahi,08079154482,51961147800,Jos,savings,2025-08-09
ACC9B774F4EBD,Temitope Adewale,08626397861,94845960293,Abuja,blaze_youth,2022-07-26
ACCEB231645AE,Chiamaka Nwachukwu,08252300097,20689434745,Owerri,current,2025-11-06
ACC1E4DE1E90C,Chinedu Ogundipe,07467939497,21073762563,Lagos,current,2025-01-27
ACCB212F19D54,Nkechi Afolabi,08914124349,71772279600,Benin City,current,2022-03-17
ACC24B35C4700,Chukwuemeka Abdullahi,08544242549,68172949777,Owerri,current,2024-10-29
ACC77EB48631D,Ngozi Adebayo,07442556917,23173914130,Uyo,savings,2023-01-20
ACCE171CE7614,Halima Adebayo,08751887643,55424048027,Uyo,blaze_youth,2023-09-05
ACCA7947D9815,Damilola Oyelaran,08064337549,55202224643,Jos,current,2022-12-28
ACCD49C5F7794,Chukwuemeka Adeyemi,08207714638,84803331693,Owerri,savings,2021-12-25
ACCC786A2EB26,Musa Nnamdi,08446699426,94202702601,Lagos,savings,2026-03-19
ACC66F6A90663,Grace Adebayo,08493846065,62417984820,Ibadan,blaze_youth,2022-04-25
ACCA9CEB98BFE,Grace Suleiman,08803308989,58117066179,Enugu,current,2025-12-13
ACC17408D946A,Aisha Danjuma,08789632800,75479911811,Owerri,blaze_youth,2025-03-18
ACCA8FFE5B54F,Abdullahi Olawale,09055650587,78971728988,Lagos,savings,2025-06-21
ACC10D472406E,Emeka Uzoma,08369511720,12095318649,Lagos,blaze_youth,2024-05-29
ACCD00890D533,Yetunde Adebayo,07412170953,81381415176,Kano,current,2023-07-25
ACC8C2BCE7792,Adaeze Balogun,07870328517,63168534128,Owerri,current,2022-11-02
ACC1052FDA317,Chioma Adewale,07582172196,48335094867,Owerri,blaze_youth,2025-04-26
ACC15A064C295,Segun Danjuma,08792398423,65187934976,Abeokuta,blaze_youth,2023-05-05
ACCAC42B13D72,Ronke Suleiman,08318265548,95705464198,Benin City,current,2024-08-04
ACC08EF7BCD5C,Emmanuel Chukwu,08713810444,18905643397,Kano,savings,2026-01-08
ACCC4CAB3209E,Musa Eze,07284556628,31849775241,Benin City,current,2024-06-25
ACCD302B2AC09,Aisha Suleiman,07181890823,88351982527,Owerri,savings,2024-03-07
ACCC54898F425,Musa Bello,07643713058,57575015001,Kano,savings,2024-01-24
ACCF6E3490CAC,Femi Okoro,07718840562,29732767351,Kano,current,2021-12-29
ACC6FA5CA9F7A,Musa Ekeh,07843821769,24452631704,Uyo,savings,2024-05-23
ACC50E6E92DF4,Obinna Adebayo,07542629791,30008805106,Jos,current,2022-12-13
ACCC2EFCD1B23,Segun Abdullahi,08427419262,32999587757,Abeokuta,blaze_youth,2022-03-11
ACC1CAD303877,Kelechi Nnamdi,07994420671,29329353360,Enugu,savings,2024-01-02
ACCF39D234B9A,Chiamaka Yusuf,08037075688,75920447817,Abuja,current,2023-12-13
ACCEA29130A35,Segun Yusuf,07374635457,33845273151,Enugu,blaze_youth,2022-05-08
ACCDE7C55DC06,Yusuf Bello,07835018491,36692346028,Kano,blaze_youth,2023-12-25
ACC235BA6E38F,Adaobi Uzoma,07834596459,64165157237,Uyo,savings,2023-07-18
ACCBBE5924A37,Amina Nwosu,07801668675,30158156472,Owerri,current,2024-10-15
ACCD4CD5F55F9,Uche Ibrahim,08808149481,93541413055,Lagos,current,2025-09-18
ACC0F46CFDFDE,Chidinma Balogun,08214182528,43333484374,Kano,savings,2023-10-06
ACC8795EF338B,Adaeze Suleiman,08543998306,84910099058,Ibadan,current,2023-06-18
ACC3791E8B2E3,Segun Okonkwo,08740970823,90477434959,Jos,current,2022-02-25
ACCD54661B85A,Halima Chukwu,08229940297,82404631032,Abeokuta,savings,2022-07-22
ACC4D184474A7,Suleiman Adewale,07305311260,98379369684,Kano,blaze_youth,2022-03-26
ACCDCE22C8BEF,Yusuf Okafor,08865965208,21736960320,Jos,current,2024-08-31
ACCB2C6D6F8A9,Temitope Danjuma,07280449010,14502883490,Abuja,blaze_youth,2024-08-10
ACCE035EE0D64,Obinna Nwosu,08877809881,19766839230,Abeokuta,current,2022-11-09
ACC82B51C97D2,Ibrahim Okafor,07458318485,20637803839,Port Harcourt,blaze_youth,2022-07-22
ACC7E00A3D4F2,Aisha Balogun,08569302401,26346460157,Abuja,current,2025-03-21
ACCB94C44205E,Chiamaka Olawale,08606895101,93372659153,Abeokuta,current,2024-07-13
ACC62343CBDA4,Musa Olawale,07180922745,84080313282,Uyo,blaze_youth,2025-02-10
ACC90966C917F,Amina Adebayo,08072845335,94344921375,Abuja,blaze_youth,2024-05-03
ACC0BA4CDB5F2,Yusuf Balogun,07029621158,36895880975,Lagos,savings,2026-05-29
ACCC9DDC24829,Ejiro Okonkwo,09092322053,30650460829,Owerri,current,2026-01-22
ACCC29D7172D3,Emmanuel Uzoma,07118173065,34655939144,Abuja,savings,2023-12-17
ACC405FB85B48,Amina Suleiman,08932515011,53075757116,Benin City,current,2022-05-23
ACC282FEB1F5B,Ifeoma Suleiman,07220986610,91150264956,Abeokuta,blaze_youth,2025-08-14
ACC3701071FBC,Uche Adeyemi,08187268085,68650799040,Ibadan,current,2025-08-29
ACC7DA82B3157,Precious Adeyemi,09048869924,20311893718,Kaduna,current,2021-12-28
ACC9A2E0B6997,Kelechi Danjuma,09087048614,86881818531,Ibadan,savings,2023-11-25
ACC0D07B0A0C9,Chiamaka Yusuf,07511461008,76227604737,Lagos,savings,2025-12-02
ACC8217DBE234,Suleiman Balogun,08271086473,16733738779,Benin City,blaze_youth,2022-12-05
ACC4798ACAAE8,Oluwaseun Okonkwo,07292297961,25396203788,Port Harcourt,savings,2025-03-11
ACC5EEAD3B6E9,Ifeoma Eze,07194177379,51601288789,Jos,blaze_youth,2023-11-27
ACC16A427BC19,Uche Okafor,09044611896,84956633254,Jos,blaze_youth,2025-01-16
ACC73E3430174,Suleiman Afolabi,08473786371,21358835676,Uyo,blaze_youth,2025-05-23
ACC82026E42A3,Chukwuemeka Adeyemi,07360754065,91278526870,Benin City,blaze_youth,2026-04-06
ACCCF0CD5B658,Olamide Abubakar,07074409104,94241946273,Uyo,savings,2024-12-06
ACC9FDF128C4D,Precious Adebayo,08354534729,60308543941,Kaduna,blaze_youth,2025-05-20
ACCFBAC850A70,Musa Adeyemi,08736570980,78683104033,Owerri,current,2021-12-15
ACC75377817CB,Uche Nwosu,07507989692,55494524894,Jos,blaze_youth,2021-10-18
ACCB0B46F95F1,Emeka Adebayo,08292061002,10939777262,Owerri,current,2025-12-30
ACC0A64A5A104,Yetunde Suleiman,07238200145,82355084470,Enugu,savings,2023-03-19
ACCBC3A9A45DF,Adaobi Nwosu,08518663749,87175163092,Jos,blaze_youth,2022-11-11
ACCB75C99450C,Chioma Adeyemi,07391017599,55536912598,Uyo,savings,2021-09-24
ACC3F4A27BA52,Femi Okoro,07024471919,36908882536,Ibadan,blaze_youth,2021-11-23
ACC2B8301CED5,Fatima Nnamdi,07754263195,63884762626,Abuja,current,2024-03-07
ACC75E2190A83,Femi Nwosu,08906817882,33087415825,Jos,savings,2026-02-01
ACC2AF0D5D513,Chiamaka Okonkwo,07878921817,86008881076,Jos,blaze_youth,2024-08-23
ACC899731CF41,Chinedu Bello,07188180465,98742701126,Uyo,current,2024-06-24
ACC6306592F39,Suleiman Adewale,08050327398,19728119827,Abeokuta,blaze_youth,2022-02-06
ACCC5BCB5E18E,Ifeoma Adebayo,08797612943,88462876314,Lagos,savings,2023-11-23
ACC32BD71CDF7,Obinna Balogun,07847835917,17362886917,Owerri,blaze_youth,2023-10-31
ACC43E556641D,Damilola Okonkwo,08766442807,29873785268,Uyo,current,2026-01-23
ACCA22CCA8E0D,Nkechi Abubakar,07318256517,89742913719,Uyo,savings,2025-11-14
ACC339BD8CFF1,Musa Nnamdi,07308921256,94259718494,Abeokuta,blaze_youth,2025-07-15
ACCC1CA71F8B0,Obinna Chukwu,07602039848,78044507885,Jos,blaze_youth,2024-08-10
ACC3749EA8D26,Chiamaka Bello,08591166847,78960878910,Port Harcourt,savings,2024-01-10
ACC9C40566171,Emeka Afolabi,08513189876,45214908331,Enugu,current,2023-12-11
ACCC307BFE5FB,Chidinma Mohammed,08608381785,49042936027,Lagos,current,2024-07-27
ACC1567768D00,Kunle Olawale,07371945574,40101122522,Kano,blaze_youth,2023-11-05
ACC98DCBE86E9,Precious Uzoma,07852878591,25395255126,Lagos,blaze_youth,2022-09-15
ACCB993F2A8A8,Obinna Okonkwo,07321970707,95083426571,Benin City,blaze_youth,2025-01-14
ACCA40F98DCC1,Chioma Okonkwo,07736945624,98195586176,Kaduna,blaze_youth,2023-03-26
ACCB95593F485,Femi Olawale,07191769911,58199211815,Ibadan,blaze_youth,2022-09-09
ACC9DAB89E3F1,Yusuf Danjuma,09027870924,21255626239,Kaduna,savings,2021-08-23
ACC3C9D1446AD,Chukwuemeka Abubakar,07679428300,74771592034,Enugu,blaze_youth,2023-04-23
ACC5A10E8655F,Folake Abubakar,08319585198,97762122255,Benin City,current,2022-02-05
ACCDFC016B0A6,Chinedu Olawale,08575400972,41133458247,Jos,current,2026-05-27
ACC943C952199,Precious Uzoma,08125534078,67285565764,Abeokuta,savings,2023-12-12
ACCAFB65C0774,Ngozi Danjuma,08083692316,23610685846,Enugu,blaze_youth,2025-04-26
ACC1C8113013D,Aisha Eze,08175279971,75510012152,Jos,savings,2024-01-05
ACC609D384D33,Amina Ekeh,07228199579,37907576774,Uyo,savings,2024-12-01
ACC86BD951F6F,Segun Okafor,07027379122,21474576958,Abuja,blaze_youth,2024-08-24
ACCF422387E98,Emeka Eze,08746287356,58492616798,Abeokuta,current,2023-11-25
ACCD331045ABE,Musa Ogundipe,07199611438,32946819386,Abuja,current,2023-01-06
ACCCE8CFD5341,Chidinma Eze,07893412705,91223100448,Kaduna,blaze_youth,2021-10-07
ACCE5CB04FF3D,Adaeze Balogun,07561809353,55762763020,Lagos,blaze_youth,2024-01-12
ACC7A3D7FBC41,Chidinma Yusuf,08822881988,19300338816,Kaduna,current,2026-06-09
ACC7A817CC72E,Chioma Okoro,07189021207,78103532141,Kaduna,current,2024-01-05
ACC3F03CD1029,Temitope Okonkwo,08405734167,73013502614,Enugu,current,2023-08-26
ACC17EAFBE337,Femi Afolabi,08782162074,52090304639,Owerri,blaze_youth,2026-06-28
ACCB315F4D386,Amina Nnamdi,07462974941,39125978871,Jos,current,2025-06-13
ACC3D13EE4F01,Damilola Danjuma,08037088491,82689619412,Port Harcourt,blaze_youth,2023-05-26
ACC543CACD78C,Halima Okoro,08728288041,27752696838,Benin City,blaze_youth,2024-07-30
ACC9A6669B45A,Amina Suleiman,07756424926,76839484550,Uyo,blaze_youth,2022-07-09
ACCD9D030C411,Musa Suleiman,08686917539,28256020516,Lagos,blaze_youth,2025-05-19
ACC961BE37C79,Emeka Nnamdi,07832267274,55892364492,Owerri,savings,2022-08-13
ACC086E7B669E,Oluwaseun Nwosu,09066899856,25091857325,Benin City,savings,2025-07-04
ACCD884580AE4,Yetunde Ibrahim,08281790762,99903895550,Uyo,blaze_youth,2026-04-12
ACC9FB2A7525D,Abdullahi Nnamdi,07197451569,41565445317,Ibadan,blaze_youth,2023-06-16
ACCAAB96F03BE,Emmanuel Uzoma,07523614846,18413397790,Abeokuta,current,2025-02-25
ACCC3C890BEF1,Tunde Ibrahim,08103580464,31886966217,Owerri,blaze_youth,2024-11-02
ACC0266D36D24,Chukwuemeka Nwachukwu,07712353352,18752655078,Abuja,savings,2026-05-15
ACC58278DCECD,Ngozi Nnamdi,08445898027,83522563410,Lagos,blaze_youth,2024-09-23
ACC212B39929E,Suleiman Abdullahi,07066183629,33510598075,Owerri,savings,2024-05-12
ACC4C949B0431,Chioma Uzoma,07846284000,85321494520,Abuja,current,2026-06-22
ACC6B6D455786,Uche Abdullahi,08717256888,72486839732,Abeokuta,blaze_youth,2025-11-10
ACC292836FAB4,Segun Eze,07612327350,21250734621,Ibadan,current,2022-09-27
ACCFEA94BAD50,Segun Ekeh,07475722829,68586955429,Kano,current,2024-09-29
ACC4AFEEB9F35,Ronke Balogun,08807736693,30729417751,Owerri,savings,2022-11-18
ACC82200C618F,Yetunde Afolabi,07842883784,90625748186,Jos,current,2022-11-01
ACC4E2CB0754E,Uche Danjuma,09037343150,77568444709,Enugu,savings,2025-08-10
ACC7F728B716B,Grace Okoro,08893118470,14494414666,Abeokuta,current,2024-04-29
ACC3885CCB28C,Precious Nnamdi,07757842691,75906411993,Kaduna,blaze_youth,2025-04-02
ACC04E5728645,Kelechi Uzoma,08540395839,26393697217,Abeokuta,savings,2025-08-14
ACCDA3FFF65D0,Adaeze Abubakar,08231552908,34018950328,Port Harcourt,blaze_youth,2025-02-18
ACC141585C092,Olamide Uzoma,08012352686,78149544881,Port Harcourt,savings,2025-04-15
ACCD4585AE27C,Kunle Eze,07035567981,79588557142,Owerri,blaze_youth,2024-05-04
ACCD435F132F4,Abdullahi Okafor,08926226145,98813736180,Benin City,blaze_youth,2023-02-13
ACCDB1D7FCB3D,Ifeoma Adewale,08644669442,22279540216,Kano,blaze_youth,2025-10-01
ACCD860030C6A,Kelechi Eze,07332384469,97729309445,Uyo,current,2024-03-17
ACC8DB8C6DF5B,Temitope Adewale,07544983333,52900316342,Uyo,current,2023-05-14
ACCC437E536CA,Temitope Uzoma,08496919379,31698401562,Benin City,blaze_youth,2022-01-04
ACC024FD2287B,Ronke Adeyemi,08555840549,65767779962,Uyo,blaze_youth,2026-01-20
ACC915FE06961,Ronke Yusuf,08107701336,43064589834,Uyo,savings,2022-02-08
ACC1B70528CBC,Yusuf Okonkwo,08111843986,21611967747,Abuja,blaze_youth,2024-03-24
ACC9BB876EC08,Nkechi Yusuf,07228631756,20989235244,Owerri,current,2025-07-09
ACCA388ECF7AE,Chukwuemeka Danjuma,08851180897,74541979802,Abuja,current,2022-09-06
ACC2C77ADB087,Folake Nnamdi,08446755249,20058782837,Owerri,savings,2024-11-21
ACCFAB6856F67,Segun Mohammed,07444053743,36754242624,Ibadan,blaze_youth,2022-05-18
ACCB4332F01FB,Adaobi Adewale,08928700580,91161996004,Kano,current,2023-01-08
ACC58C741DF1B,Uche Okoro,09097033242,72355216265,Enugu,blaze_youth,2024-04-17
ACC006C3AB858,Musa Adewale,09058420669,55582848894,Enugu,savings,2025-03-04
ACCFD6DBBC8E5,Kunle Danjuma,08473199367,84027219522,Benin City,current,2023-04-19
ACC644F05DF4A,Fatima Chukwu,07538962625,16733797987,Benin City,savings,2022-02-05
ACC5168F3EA8B,Temitope Oyelaran,09001120981,47838730111,Enugu,savings,2024-06-25
ACCD3B659BAFE,Aisha Uzoma,07615304694,97891145939,Port Harcourt,savings,2026-01-23
ACCADC225A7AA,Halima Nwachukwu,07574392586,98499454567,Benin City,current,2022-11-03
ACCEBED550478,Folake Okonkwo,07358437500,24590199707,Abuja,savings,2022-05-01
ACCF10C23842C,Bola Adebayo,08583969397,71350065666,Abeokuta,savings,2024-10-07
ACC4501BAFE8E,Abdullahi Nwosu,08268799753,72696146727,Abeokuta,blaze_youth,2025-09-29
ACCD9BF72E9BD,Yetunde Chukwu,07022668452,78719873370,Port Harcourt,current,2025-01-16
ACC9F0FF90D97,Chinedu Oyelaran,07802394121,66644481032,Owerri,current,2022-01-13
ACCC75CC782D7,Emmanuel Ekeh,08490191646,47300246021,Kano,blaze_youth,2023-08-09
ACC8D625493EE,Emmanuel Adewale,07403274764,11377154307,Port Harcourt,savings,2024-12-22
ACC053984E072,Chinedu Adewale,07466407867,67303079385,Kano,current,2025-08-28
ACCBE1A2418C2,Grace Nwosu,07412729807,22939085014,Jos,savings,2023-06-16
ACCCE716E36FC,Obinna Ibrahim,07340615464,87040636251,Owerri,savings,2022-09-06
ACC8F96B1637D,Chinedu Nwosu,08705940396,88495251974,Abuja,current,2024-09-06
ACC701F4B275F,Emmanuel Ibrahim,08998982540,99161631974,Lagos,savings,2025-12-27
ACCB434F7ABE6,Aisha Afolabi,08555635357,44938408652,Lagos,current,2026-05-20
ACCE9F65BAE85,Precious Abubakar,07965045231,84145520541,Enugu,current,2026-02-11
ACC0C50B7A2C6,Fatima Suleiman,08184268097,92266368418,Kano,current,2023-07-25
ACCDA33214516,Fatima Okonkwo,07212071713,87446064953,Abeokuta,current,2025-11-25
ACCF81B7206F2,Emeka Afolabi,08198338585,69658945192,Enugu,blaze_youth,2023-11-17
ACC1812926337,Aisha Okonkwo,07414720860,88377840385,Abeokuta,savings,2023-07-10
ACCD3BED355CA,Chidinma Oyelaran,08288309222,84368024419,Enugu,current,2022-10-25
ACCDDA76C8BEE,Chinedu Ogundipe,07074438012,52876471583,Uyo,savings,2024-04-10
ACC490976A084,Adaeze Okoro,07763764920,27850344108,Kano,current,2025-12-21
ACC77892C62AF,Fatima Nwachukwu,08509354358,26783253193,Uyo,blaze_youth,2025-07-13
ACC91C21ABDD3,Bola Ogundipe,08401832612,95252859582,Lagos,blaze_youth,2021-08-16
ACCC191A4A741,Suleiman Okoro,08616712018,89865484616,Owerri,savings,2022-09-22
ACC7D9C44A2F1,Suleiman Mohammed,07182705729,80431137340,Benin City,blaze_youth,2023-06-06
ACC44F6FC6772,Damilola Ibrahim,08470463598,91278554174,Abuja,savings,2025-01-03
ACCDDBB6AB095,Emmanuel Ekeh,07949638967,29856416163,Kaduna,savings,2024-07-16
ACC76B4231749,Femi Nwachukwu,08727179812,49132641005,Kaduna,current,2026-06-04
ACC0A6668F40C,Precious Adeyemi,07548588326,15026484622,Kano,savings,2023-03-27
ACC81E02C8B30,Aisha Adebayo,07817549611,25932992086,Enugu,current,2024-11-10
ACC256E0179AF,Chidinma Okafor,07744704172,60183735155,Enugu,blaze_youth,2024-04-18
ACC97818C0874,Suleiman Abdullahi,07294765067,80361043813,Abeokuta,blaze_youth,2024-08-02
ACC7D74D9AE46,Kunle Danjuma,08162548488,49247882075,Jos,blaze_youth,2022-11-04
ACC4D45A235A4,Ngozi Suleiman,07684376064,50421018540,Kaduna,blaze_youth,2022-06-04
ACC8463450877,Ngozi Afolabi,07170672177,29226860141,Owerri,blaze_youth,2025-03-17
ACCFB5CFF4567,Nkechi Suleiman,09080514551,41838781656,Jos,blaze_youth,2026-04-27
ACC6625EFAE7D,Adaeze Uzoma,08579112961,65080071576,Jos,current,2024-03-25
ACCC13EE17C1C,Emeka Okonkwo,07625302923,63427477061,Kano,current,2023-08-10
ACCE5D914EE23,Yusuf Nwachukwu,08173400328,62120745302,Benin City,current,2025-06-29
ACCE05E6E28A5,Amina Balogun,07245167329,73162762771,Abeokuta,current,2022-06-22
ACC2C5CC15A45,Yetunde Nwosu,08651751644,17353187978,Benin City,current,2021-08-18
ACC9E95346080,Fatima Adewale,08167159842,13467990956,Uyo,current,2023-12-06
ACC76FEDE2078,Temitope Okonkwo,07105052330,27973750894,Lagos,blaze_youth,2023-01-10
ACCB1419A213D,Chidinma Abdullahi,07610702562,89864783651,Owerri,savings,2025-07-02
ACCEB129ABC2D,Temitope Balogun,07628853467,29202012141,Abuja,blaze_youth,2021-10-09
ACC8AD66132F9,Ronke Ibrahim,07557615688,89565949451,Uyo,current,2024-02-09
ACC4FFF579603,Chukwuemeka Olawale,08710970129,39412235780,Uyo,current,2026-05-14
ACCD1AB606982,Obinna Yusuf,08181102271,22911235485,Abeokuta,current,2024-10-10
ACCAC056AAFF1,Kunle Adewale,07333689517,72823347725,Owerri,current,2022-11-18
ACCED19A06AB2,Musa Okafor,07728324262,65764217991,Abeokuta,blaze_youth,2025-08-31
ACC5C539A18D2,Segun Afolabi,07970461446,37069584172,Owerri,current,2023-09-19
ACC53B162E0F4,Femi Adewale,08572905208,82472758879,Kano,current,2025-06-08
ACC43461EC309,Ronke Balogun,07715734302,23083070716,Owerri,blaze_youth,2026-04-03
ACC9096A6698A,Olamide Abdullahi,07252653256,28350910099,Port Harcourt,current,2022-03-03
ACC3036BA8497,Oluwaseun Chukwu,08316972012,56781827906,Owerri,current,2025-07-17
ACC140F13C12D,Uche Nwachukwu,08280160864,91137412150,Abeokuta,blaze_youth,2024-04-21
ACCEB9A62E42E,Chukwuemeka Chukwu,08469905255,73421606624,Kaduna,savings,2025-12-15
ACC748BC5AAEF,Oluwaseun Adewale,07242423119,75933936270,Kaduna,savings,2026-05-02
ACC9B43C3A29E,Yusuf Bello,07512336531,42731408207,Owerri,savings,2024-04-03
ACCFC2A6DDA75,Oluwaseun Ogundipe,08999013622,90367036425,Kaduna,savings,2022-10-14
ACCEA3E59C23C,Fatima Olawale,08417693030,18853998721,Ibadan,savings,2024-08-31
ACC044E9CE66A,Chioma Ekeh,08961091229,51573389055,Benin City,blaze_youth,2024-10-27
ACCB20C491B10,Temitope Afolabi,07235575339,52353736982,Lagos,savings,2022-07-23
ACCDCACCCD65F,Tunde Oyelaran,07825911584,28971881999,Kano,blaze_youth,2025-09-21
ACC440204FD42,Nkechi Okoro,08918953736,93432764125,Port Harcourt,current,2025-09-24
ACCDECB75D0F7,Ejiro Mohammed,07882267479,86994008060,Uyo,current,2022-07-05
ACC11FB3F248E,Folake Yusuf,08911078942,21210167922,Ibadan,current,2023-08-09
ACC291A0FEFAD,Halima Chukwu,07359721054,95568051546,Jos,current,2024-07-10
ACC81F51909F2,Ejiro Balogun,08828464756,47725974049,Kano,savings,2025-10-16
ACC8880354EB5,Segun Adewale,07388284775,82152753348,Lagos,current,2025-01-13
ACC244FDC7E56,Blessing Adeyemi,08379245209,26404760787,Lagos,savings,2023-04-06
ACCECF9F7CCF8,Precious Bello,07025475680,73553958404,Benin City,blaze_youth,2025-09-08
ACCA13BD8A883,Yusuf Nnamdi,07990223161,43282092046,Jos,blaze_youth,2025-01-26
ACC6A5A0020D3,Ibrahim Abdullahi,07957653588,41574522603,Jos,current,2023-07-23
ACC8610216332,Ronke Abubakar,07807364599,99764375034,Uyo,savings,2021-09-13
ACC3589E2E8DA,Chidinma Suleiman,07158907486,61807559306,Benin City,current,2025-01-21
ACC1885E2F6C5,Fatima Eze,07308964049,37622023795,Uyo,blaze_youth,2022-11-19
ACC3E831228E0,Yetunde Olawale,08375109533,46036853623,Port Harcourt,blaze_youth,2023-09-17
ACCAC0FFDC270,Grace Eze,08218146968,61503535745,Enugu,blaze_youth,2024-05-06
ACC9C12BA2E96,Temitope Adeyemi,09077718260,49475057987,Jos,current,2025-07-06
ACC3BF2E64160,Yusuf Adebayo,08050618904,20259678432,Owerri,blaze_youth,2022-06-19
ACC9FE01A1A1C,Chiamaka Ekeh,08404132046,81585578936,Kaduna,blaze_youth,2025-11-02
ACC47214F0F17,Kunle Okafor,07369901924,17012227565,Kano,savings,2022-07-27
ACCE5233F726D,Suleiman Ibrahim,07259421256,85488203494,Port Harcourt,current,2024-08-11
ACC615A2384D5,Kelechi Oyelaran,07354347956,41948806626,Uyo,savings,2022-08-06
ACC43C50F2005,Yusuf Chukwu,07893830456,36314802580,Port Harcourt,blaze_youth,2026-01-01
ACC8ED7515F29,Nkechi Okafor,08197673970,36781865610,Abuja,blaze_youth,2024-07-20
ACC3B7E681634,Grace Adewale,07378652520,18257817840,Lagos,blaze_youth,2022-08-29
ACCB96D8AE131,Uche Nwosu,08686831267,74549343631,Owerri,savings,2023-06-28
ACC27EAD6A73A,Ibrahim Adebayo,08584301476,62398411315,Ibadan,savings,2025-03-23
ACCFF1D46E5CB,Chukwuemeka Ogundipe,07416944516,59959150296,Kano,savings,2025-09-26
ACCA411843EED,Femi Adebayo,08903548777,92872087669,Port Harcourt,blaze_youth,2025-07-17
ACC572DF6FE80,Damilola Ogundipe,08873890950,41124142698,Enugu,current,2022-05-29
ACC740D11F1DC,Ibrahim Okoro,08063616535,19622923602,Owerri,savings,2023-10-25
ACCD64B9720F9,Chukwuemeka Danjuma,08604785955,12506801119,Kaduna,current,2025-08-05
ACC4C5BE02CA1,Damilola Suleiman,07579368278,85645116831,Uyo,savings,2024-11-02
ACC2A1B13CBE1,Kelechi Nwosu,08391940177,83302232242,Jos,savings,2024-06-14
ACC4A73F67AB8,Damilola Mohammed,07116951957,57516808822,Enugu,current,2023-09-05
ACCF3F9EB26E2,Suleiman Nwosu,07619275616,23215388075,Port Harcourt,current,2026-01-19
ACC34F4609D4F,Nkechi Okoro,08584218543,12768898601,Kano,savings,2024-07-22
ACC207ADAAFEE,Chioma Abubakar,08929045732,52044930633,Port Harcourt,current,2024-10-18
ACC7FB914B9E5,Chidinma Nwachukwu,08149583834,32699961235,Port Harcourt,blaze_youth,2023-01-13
ACC45731A4E8B,Chiamaka Oyelaran,08518559526,28656680878,Enugu,current,2025-06-20
ACC5930CF4EA4,Abdullahi Yusuf,07711419763,75693916536,Kano,blaze_youth,2026-06-24
ACC4EA3F14390,Emmanuel Adebayo,07957719068,20124928202,Enugu,savings,2024-04-01
ACC678602E2C6,Adaobi Uzoma,08299394724,60108380090,Benin City,savings,2023-10-02
ACCDBCB09BB9E,Temitope Balogun,07463201820,70097747205,Kaduna,current,2021-08-07
ACC5DD42469FA,Yusuf Suleiman,07806965107,10379882490,Benin City,blaze_youth,2026-02-17
ACC8D5E465C9F,Obinna Danjuma,07652651162,85136589448,Jos,current,2026-04-07
ACC700489F39D,Fatima Nwachukwu,08384667058,11051194393,Abuja,current,2025-06-30
ACCF2BFD8F3B0,Ifeoma Nwosu,08249093523,27431169427,Enugu,current,2021-10-05
ACC4B518BDB19,Precious Olawale,09010725502,79049444808,Ibadan,blaze_youth,2024-11-12
ACC535AA98B3B,Yetunde Okafor,07294096692,50880232083,Enugu,current,2021-11-19
ACCDA5364763D,Oluwaseun Eze,08758455704,74499153398,Enugu,current,2023-12-02
ACCB4EA590374,Yetunde Nwachukwu,07486564895,28500263779,Ibadan,savings,2021-09-12
ACC2D320FD163,Ejiro Danjuma,07127271131,24899595231,Kano,savings,2026-04-26
ACC29033665B0,Yetunde Ogundipe,09022596690,59734653350,Enugu,savings,2025-12-29
ACC7230669503,Ejiro Nwachukwu,08019443788,34006206754,Kaduna,blaze_youth,2025-04-20
ACC35BCD67D3A,Chukwuemeka Eze,08116106494,75008248608,Enugu,blaze_youth,2025-10-22
ACC912AF3C9E9,Olamide Adebayo,08189525325,50403969475,Benin City,savings,2022-08-25
ACC2FB50F3CE2,Yetunde Nnamdi,07860334105,90294573011,Abuja,blaze_youth,2025-10-31
ACC52B6A6C37D,Fatima Mohammed,08642432020,89808732780,Kano,blaze_youth,2022-06-08
ACC218612D7BF,Ibrahim Mohammed,07847551190,53551340557,Ibadan,savings,2024-07-11
ACCB917892B80,Olamide Okoro,07629356637,95702336338,Enugu,savings,2025-11-08
ACC6A884A71A2,Adaobi Afolabi,07237528990,35400229866,Abeokuta,current,2025-06-08
ACC8006EBAC1C,Suleiman Bello,08653753128,36954542350,Lagos,current,2022-09-08
ACCE6FA14FE6C,Ibrahim Oyelaran,07635132818,20779835563,Kaduna,current,2025-08-02
ACC8AA932DC3F,Musa Nwachukwu,08612187876,50771432836,Port Harcourt,savings,2025-02-24
ACC22963B0E1F,Adaeze Abubakar,08371392117,96570283923,Ibadan,current,2025-11-24
ACC5B1C2707D5,Yusuf Oyelaran,07255315124,94015135112,Jos,blaze_youth,2023-06-05
ACC75811E4D62,Chiamaka Nwosu,08708625939,14713789578,Abeokuta,savings,2022-09-10
ACC33190ADFAD,Ronke Adeyemi,08069737290,64198750972,Abuja,blaze_youth,2025-01-17
ACC2F986BF98A,Amina Abubakar,07575628706,21872730809,Kaduna,blaze_youth,2025-05-17
ACC3D9E09D901,Musa Danjuma,07168714449,40922065757,Kaduna,savings,2025-11-09
ACC8E5C43C72A,Chukwuemeka Suleiman,07904433186,57619528330,Kaduna,current,2023-11-16
ACC7BA37C8703,Aisha Ekeh,08335124012,51583094469,Jos,current,2021-11-03
ACC4DE5979F12,Emmanuel Nwosu,07966139564,25346400792,Lagos,savings,2024-10-07
ACCCF940CC18D,Damilola Chukwu,07445652854,44623357967,Kano,blaze_youth,2025-02-26
ACCEDFE3AEC1D,Chinedu Okafor,08616150270,31863957089,Abeokuta,blaze_youth,2023-10-07
ACC0049622105,Kelechi Nwachukwu,08909255841,39997483632,Ibadan,current,2022-06-02
ACC7CA9E053D5,Bola Nnamdi,07712136542,90894602845,Jos,current,2022-10-10
ACCDEF28DBE89,Chidinma Yusuf,08168715327,34221346916,Enugu,savings,2024-08-11
ACC76CE145E6B,Abdullahi Okoro,08249818077,72151448802,Port Harcourt,blaze_youth,2024-07-27
ACCE4AD6F9DC7,Ejiro Mohammed,08359896655,57400075270,Enugu,savings,2023-04-02
ACCF5B6726907,Suleiman Adeyemi,08017242940,38630332699,Abeokuta,current,2022-08-04
ACCE2A1C271C8,Adaeze Adeyemi,08621892918,35372777589,Owerri,blaze_youth,2023-02-27
ACC9D682B536D,Obinna Eze,08379467957,44849003952,Kano,blaze_youth,2023-10-24
ACC346CE7EC00,Nkechi Ogundipe,07000659172,77239836156,Owerri,savings,2023-07-20
ACC1665C635A3,Chukwuemeka Okoro,07912523455,81283624416,Ibadan,blaze_youth,2022-02-18
ACCDF370B1A84,Adaeze Eze,08857934687,33643800107,Kaduna,savings,2024-12-14
ACC2B9424BE1C,Chukwuemeka Ekeh,07113091470,45475625679,Jos,current,2024-09-08
ACC41393B91B0,Emmanuel Yusuf,07722164351,80573014291,Enugu,savings,2026-03-28
ACCA47A830E7E,Yetunde Adeyemi,08134655892,82285973757,Port Harcourt,savings,2022-02-03
ACCBE8CA881D6,Ifeoma Chukwu,08595305102,80415261268,Lagos,savings,2021-08-18
ACC790F05DE4D,Ibrahim Yusuf,08851808594,87200319237,Lagos,savings,2026-04-09
ACC39A0F0E492,Chioma Chukwu,07606218270,18993906502,Abuja,current,2024-11-03
ACC8D88F1D9CA,Kelechi Uzoma,07115367646,95989983737,Abeokuta,blaze_youth,2025-01-17
ACC0F7B12A689,Yusuf Ekeh,08465371334,20988425365,Kano,blaze_youth,2025-09-19
ACCF7000E3E14,Ngozi Nwosu,08564262880,81851447102,Lagos,blaze_youth,2023-02-17
ACC3774F03239,Temitope Okonkwo,07994922405,39267676962,Enugu,current,2023-08-20
ACC7994D408F2,Halima Oyelaran,08212691805,18269849746,Owerri,savings,2022-06-20
ACC05B148D60A,Grace Oyelaran,08331428893,87385847518,Owerri,current,2025-03-16
ACCD3C8D8DDA6,Chidinma Adebayo,08121906830,75989252640,Jos,savings,2024-06-17
ACC5345F03347,Femi Okoro,07510914925,39217607196,Uyo,savings,2022-04-13
ACC5B1255F3DF,Chinedu Adebayo,07257548087,53002955649,Ibadan,blaze_youth,2021-10-18
ACCF3140A76EF,Bola Balogun,07333607312,46627885109,Kaduna,blaze_youth,2024-08-14
ACC0034547400,Adaobi Afolabi,07827028739,32766119596,Kano,current,2024-03-26
ACC2E57C34954,Uche Bello,07217336711,71846438920,Ibadan,savings,2022-11-18
ACCCD1B688A59,Ngozi Olawale,07693947908,52352465656,Jos,savings,2023-01-22
ACC756E2B7BEA,Ronke Nwachukwu,07641261769,97347025160,Enugu,blaze_youth,2025-03-18
ACC43A3A9F7CB,Folake Danjuma,07509440203,62381771091,Benin City,current,2025-06-07
ACC407A8C240B,Obinna Adebayo,08235367415,25917867194,Ibadan,savings,2022-12-22
ACC79D60299A0,Chidinma Afolabi,08696556911,83676769978,Kano,savings,2022-08-11
ACC34B873717B,Yusuf Chukwu,07967408200,96638570126,Ibadan,blaze_youth,2025-07-01
ACC00CE55A598,Chiamaka Adebayo,08431167502,96289999461,Abuja,savings,2025-06-24
ACC5EF6843EDE,Chioma Adewale,07109824888,95307057183,Uyo,blaze_youth,2021-08-21
ACC8B540AF8BA,Chidinma Nwachukwu,08022243761,43172205561,Lagos,current,2024-10-18
ACC3D702753BA,Uche Bello,07959958543,69272421646,Abeokuta,blaze_youth,2023-12-07
ACC7241811C6E,Bola Balogun,07723268664,67999285622,Uyo,savings,2024-04-19
ACC9B2756327E,Temitope Abdullahi,07521401864,84238331865,Abeokuta,savings,2025-11-30
ACC1C7F134DFF,Olamide Uzoma,07575352667,44628614706,Port Harcourt,blaze_youth,2026-05-26
ACC587298D518,Ngozi Balogun,08887999790,86547223241,Lagos,blaze_youth,2021-09-07
ACCF800DBB78F,Blessing Nwachukwu,08037659964,19993602454,Ibadan,blaze_youth,2023-04-24
ACCD13637420F,Chinedu Ogundipe,08832257371,49386634526,Kaduna,savings,2022-12-21
ACCE3449C7982,Halima Danjuma,08082514880,53920482600,Lagos,savings,2023-05-13
ACC8B3B32C273,Halima Nwachukwu,08105170056,94922893078,Kaduna,blaze_youth,2021-10-11
ACC2AA38C5703,Chiamaka Adewale,08987092010,28003167925,Kaduna,current,2022-02-28
ACCDB4DB70E99,Ibrahim Nwachukwu,07587562635,38817352344,Benin City,current,2026-03-30
ACC88D058DCD8,Blessing Adeyemi,07270509604,89777193860,Kaduna,savings,2022-12-26
ACC7738E47A58,Precious Nwachukwu,07100025456,97951422960,Abuja,blaze_youth,2023-07-23
ACCC72942A2CC,Amina Abubakar,07648500592,88291425750,Lagos,blaze_youth,2025-08-19
ACC3BE648632A,Ifeoma Nwosu,08229577472,65450061952,Owerri,blaze_youth,2023-03-09
ACC9BF4E5C0F3,Fatima Ogundipe,07044988873,95073654429,Kaduna,current,2023-08-07
ACC4A2640E37E,Chiamaka Oyelaran,08169161961,92807043237,Enugu,blaze_youth,2022-04-22
ACC8665952246,Nkechi Nwosu,08252366528,83945411513,Port Harcourt,blaze_youth,2022-12-25
ACCEEFF637A07,Grace Mohammed,07531689928,13843337941,Abeokuta,savings,2024-07-20
ACCEC7080E93C,Segun Eze,08837786159,81819191985,Ibadan,current,2024-03-26
ACCF9D671798C,Adaeze Abubakar,08720714014,77252042832,Benin City,blaze_youth,2023-11-28
ACC0DF1816696,Chinedu Bello,08329468471,54013230625,Jos,current,2022-03-09
ACCC82CE510D3,Chidinma Eze,08202863073,81354781764,Lagos,savings,2025-09-03
ACC4D620271D5,Aisha Olawale,07878643498,92340974890,Port Harcourt,savings,2023-02-15
ACC3355CDEBBB,Abdullahi Okonkwo,08014186368,38581341614,Jos,current,2025-04-04
ACCFF79C73A43,Ifeoma Okoro,08215617973,56327527182,Uyo,blaze_youth,2022-02-24
ACC2D81853000,Kunle Eze,08493795845,86885201186,Port Harcourt,savings,2024-02-07
ACCBD6C7E6281,Musa Danjuma,08653161417,66615874226,Benin City,current,2024-10-22
ACC8BE14D3908,Kelechi Mohammed,07219534304,75077534674,Ibadan,savings,2026-04-04
ACC9B1BC6B69F,Nkechi Nwosu,07457510583,28861680324,Port Harcourt,blaze_youth,2021-12-05
ACC4C1E37AFCD,Emmanuel Chukwu,07528387375,62936211298,Uyo,current,2023-02-19
ACC3EAAA909FC,Damilola Adebayo,08268001112,59112727323,Port Harcourt,blaze_youth,2022-03-03
ACCA5C6B18684,Chukwuemeka Afolabi,07956164829,63230860268,Abuja,savings,2026-05-04
ACC070D03ACEF,Folake Ekeh,08144392249,46724950876,Port Harcourt,savings,2025-06-01
ACC8F61C40AB9,Tunde Yusuf,07151951123,83687708184,Jos,current,2022-10-11
ACC586105935C,Adaeze Okonkwo,07715362466,32799031077,Enugu,blaze_youth,2022-05-03
ACCBA1264C89F,Yusuf Oyelaran,07550761075,12065039307,Uyo,current,2025-04-17
ACCC6FE5F6039,Precious Afolabi,07061215245,77208074729,Lagos,blaze_youth,2026-04-30
ACCA2ECEA2C20,Fatima Olawale,08903273011,89203396172,Owerri,blaze_youth,2025-10-14
ACCA77D2621F4,Ejiro Adebayo,07886288037,93554925168,Benin City,blaze_youth,2022-02-18
ACC340FBF0653,Amina Oyelaran,08681400961,50981356936,Ibadan,blaze_youth,2024-12-26
ACCF13F907E55,Musa Nwosu,08426436992,21401915764,Enugu,current,2025-02-13
ACC610E446DBE,Ronke Yusuf,08263906194,49100199274,Benin City,blaze_youth,2022-03-02
ACC7482AC1E4A,Chinedu Okafor,08047841853,83955493612,Owerri,blaze_youth,2024-01-27
ACCA030A20B32,Chiamaka Balogun,08614300106,51692229727,Enugu,savings,2023-04-20
ACC932B444ABE,Olamide Okafor,07360322040,85430662847,Abeokuta,savings,2022-07-16
ACCE3BD0B4BC4,Adaobi Olawale,08112275118,67464540733,Abuja,blaze_youth,2024-08-04
ACC11E48BBA43,Kunle Eze,08844609652,58657121558,Benin City,blaze_youth,2025-09-24
ACC638808AD8F,Adaobi Bello,07346938037,93239696787,Abuja,current,2023-12-12
