device_id,device_type
DEVCBFCF84E,android
DEV38FF7403,android
DEV2F05CA49,android
DEV2FE69FF8,web
DEV01D3CEAC,pos_terminal
DEVE11595FD,ios
DEV9CF3FFF5,android
DEVC8FCB9A1,android
DEV14BB0AC3,pos_terminal
DEVBBDB1777,web
DEV2293A50A,android
DEVEDD80F0A,pos_terminal
DEVCA3F36AF,web
DEV59BD6F26,web
DEV819C723A,web
DEV2FD6B299,pos_terminal
DEVA6DC8E50,ios
DEVF6E8D16B,pos_terminal
DEV4749DDA2,ios
DEVD89587C7,android
DEV46079EFD,pos_terminal
DEV16584088,ios
DEV1F012A92,pos_terminal
DEVB2C47338,pos_terminal
DEV273AAC7D,ios
DEV43568ED8,android
DEVFB3ADF78,ios
DEVBFB90117,web
DEVC9B37EC0,pos_terminal
DEV8927965E,web
DEVD182FFDA,pos_terminal
DEV3582BDAE,android
DEV15E40C69,web
DEV23574DAE,pos_terminal
DEV485A962D,web
DEV5CC70072,pos_terminal
DEV6851CD84,android
DEVB530DEF3,ios
DEV6689FC4D,ios
DEV696D5D40,web
DEV87E7BE20,pos_terminal
DEV4AC6CD82,android
DEV11A7FB10,web
DEVC9CB4158,ios
DEVFAE42AD4,web
DEV3A14F8BD,web
DEV88AD5AF4,pos_terminal
DEV1641751F,web
DEV5ED3F1EB,pos_terminal
DEVEF343B26,web
DEV558605D2,ios
DEVF3A093CB,android
DEVA402EFE8,android
DEVA1EA4619,web
DEV12C2C857,pos_terminal
DEV2065CC94,android
DEV9FD94B3B,ios
DEVFECF8D2D,web
DEV5DD21AE7,ios
DEVF29ED2F9,ios
DEV497D9121,android
DEVDD3E8B82,android
DEV3E55C12D,web
DEVAEE8A565,android
DEV83D00C30,ios
DEVFECF9BC9,android
DEV44063060,ios
DEVF47D629E,ios
DEVFD0354EF,pos_terminal
DEV0E769C1A,android
DEV3DDF91FC,pos_terminal
DEVF710DA28,pos_terminal
DEVF3FBED05,web
DEV6FBE77AE,ios
DEV9CDBF569,android
DEVF4565F3D,pos_terminal
DEV97610B8B,ios
DEV512AD373,ios
DEVF8AB1843,android
DEVEE333135,android
DEV6B59EF34,web
DEVA436ED07,pos_terminal
DEVA9528BDB,ios
DEV4D74DDDE,web
DEV0E4022AA,pos_terminal
DEV5D1C1419,pos_terminal
DEVC9AB084C,pos_terminal
DEV6EBC6921,web
DEVC49629A5,android
DEV0879D31B,web
DEVB313E90E,web
DEV77B994C7,android
DEVA6BE34DD,android
DEV21D4F6E2,web
DEVCC8FDEFD,ios
DEV44FE436E,pos_terminal
DEV15B3D33B,web
DEV143B9B99,pos_terminal
DEV044D1996,ios
DEVF03B21DF,web
DEVEACF44EE,pos_terminal
DEV4A2DC7CA,android
DEVE8250932,ios
DEV16F03508,ios
DEV7E2AC1F0,web
DEVD5D0AC82,android
DEV35945824,web
DEVD51A5019,pos_terminal
DEV3A4DA8C3,android
DEV677FC381,web
DEVED2F0D70,web
DEV3749DE26,ios
DEVB57DE10E,web
DEV501F88CB,ios
DEV915292C3,ios
DEV8D6AA8E8,ios
DEVAA6EA040,pos_terminal
DEV005DFC22,android
DEVE3BCBC50,android
DEVEB6E0708,web
DEV62977FB1,web
DEVF606C38F,ios
DEV65242487,web
DEV608E0D1A,pos_terminal
DEVD83EFB17,android
DEV8DEA0C6A,android
DEV07D2765A,web
DEV230FD0A8,ios
DEV3F7A1A72,pos_terminal
DEV3E3211CA,android
DEV41E19D23,android
DEV19CC3D70,pos_terminal
DEVCED3A0EA,ios
DEV3302648B,pos_terminal
DEVFE574114,web
DEVDB944F9A,web
DEVB04171DB,ios
DEV662A6FEA,web
DEV9DA53E1F,ios
DEV077E67FA,pos_terminal
DEV6C50B02B,android
DEV349E6B10,ios
DEV695785A7,ios
DEV6058304C,android
DEVA69E7BB5,pos_terminal
DEV234466CB,web
DEVD71694A7,android
DEV84F62F25,pos_terminal
DEVBFE5ABFF,pos_terminal
DEV8C1676E7,pos_terminal
DEV69DC5B82,ios
DEV29EB71EA,pos_terminal
DEVEEDDBFA8,pos_terminal
DEV05E782B2,web
DEV287332B1,ios
DEVA6A89864,web
DEV099BCC0F,ios
DEVC776F7EE,web
DEV2A6DD6EE,android
DEVB4490FBA,ios
DEVDDC9A014,ios
DEVACC6C2C6,pos_terminal
DEV3AE92535,android
DEVF0562C96,ios
DEV92E1B05A,pos_terminal
DEVC534DF2C,ios
DEV469DF596,pos_terminal
DEV8604E2C7,web
DEVFEE129EB,web
DEVC5D75DEC,ios
DEV3C175892,ios
DEVFD3B23AD,pos_terminal
DEV5861E02E,pos_terminal
DEVAC6C1083,ios
DEVAEFE227E,ios
DEVF8550359,android
DEVC52084EB,ios
DEV616E13C9,pos_terminal
DEV101C67B7,ios
DEV20D00A62,ios
DEV3551D3AA,ios
DEV6CD3763B,web
DEV50CA0C6E,ios
DEV28B126D9,pos_terminal
DEV3583AC4A,ios
DEVAF2A0EC7,android
DEV70397D72,android
DEV4BF964C6,android
DEV7EA48A1D,web
DEV07AA7617,ios
DEVCA5E02F2,ios
DEV14642567,android
DEVDE9567D5,ios
DEV99E68F2B,pos_terminal
DEVC5FEDD4F,android
DEVCD29458C,pos_terminal
DEV9E9CF2A4,pos_terminal
DEV64600BFC,pos_terminal
DEVCBCF92D1,android
DEVC56D8BFB,android
DEVCD77F1B0,ios
DEV8E487503,android
DEVCC26D5D8,web
DEVC9D23B48,ios
DEVC905F032,pos_terminal
DEVD9D55B54,ios
DEVF53E6561,ios
DEV68DE3529,android
DEVC382A07F,pos_terminal
DEV30180136,android
DEVC8FFADAB,web
DEVA7BCC1BA,android
DEV0EC40387,web
DEVEFD60A0B,android
DEVAE7FC2BD,pos_terminal
DEV3C96414F,android
DEV9E5E3F77,ios
DEV523D05AC,web
DEV78F34F2A,ios
DEV2ACCD778,android
DEV9232A63B,ios
DEVAC0916CD,web
DEVB473C0EA,ios
DEV97FE4941,web
DEV938F6F9C,android
DEVA46715FC,web
DEV50CADFBC,pos_terminal
DEV2996C34A,android
DEV9E54EF94,ios
DEV660B34CD,ios
DEV13BF513A,pos_terminal
DEV4C7137CF,web
DEV5C2EC8EB,android
DEV3323F70F,web
DEV35CFD943,web
DEV25C0CF23,ios
DEV3550EA31,ios
DEV65281239,web
DEV5D07919E,ios
DEVFAB63171,ios
DEV49646B84,pos_terminal
DEV288C5CE2,web
DEVD46286B5,pos_terminal
DEV4ADC0728,android
DEV3D2A2BA8,ios
DEV7803C7C3,android
DEV59F3B983,android
DEV5AC5BCF4,web
DEV0444C81B,ios
DEVDE5EBE98,pos_terminal
DEV7929DA22,android
DEV725129F0,pos_terminal
DEV4FF3C060,pos_terminal
DEVB71E5752,web
DEV4B1DFC5B,android
DEVA7399F98,ios
DEV0C691EF1,web
DEV0EA9B30B,ios
DEVCB03DF62,ios
DEVD3F0487F,pos_terminal
DEVB9BD583E,pos_terminal
DEV54BD0B63,ios
DEV914CDA15,ios
DEVF83DFF4A,pos_terminal
DEVC433044B,android
DEV71AD0DF9,web
DEVF2D74578,android
DEV87D6F356,ios
DEV734C1864,pos_terminal
DEV0621CD97,ios
DEVADF1D193,web
DEVB8BD7A15,android
DEV01A69F83,pos_terminal
DEV58FBA933,android
DEV4ABBB786,pos_terminal
DEV2343166E,android
DEV2A9F6414,ios
DEVD8BBE3D2,pos_terminal
DEVD0584911,ios
DEVCF25ECCC,web
DEV650560E8,web
DEV79835717,web
DEV14848176,android
DEV0BBA284D,web
DEVA10B7858,android
DEV3C86E7A8,ios
DEVC4E7DB4F,android
DEVF5E556F5,web
DEV0955C624,android
DEVD7EC3403,pos_terminal
DEVC0301472,web
DEV4003A264,pos_terminal
DEVE59AF471,web
DEV301393D4,android
DEV707DC4B9,ios
DEVC3F53739,web
DEV2A3B2145,pos_terminal
DEVA5D499B3,web
DEVFB82044A,ios
DEVCEF23D84,android
DEVA45CBAFD,pos_terminal
DEVDA47CDFF,ios
DEVC2D727B0,ios
DEV0BF431BB,ios
DEV9E4D7671,ios
DEV34C0DB13,android
DEVF504B427,android
DEV0D45F49F,pos_terminal
DEVAE093411,ios
DEV50CDE897,pos_terminal
DEV582C46C1,ios
DEVC52EFACC,ios
DEV1BD68332,web
DEVA0795326,android
DEV96617821,pos_terminal
DEV11A290B9,pos_terminal
DEV6ACB43AD,android
DEV40CF1954,pos_terminal
DEV227645AE,ios
DEVA9BD1C76,android
DEV4F30492F,android
DEVEA59528B,web
DEV225E8F8E,ios
DEV3F1B9CD4,pos_terminal
DEVBAB2DE81,android
DEV70439C5C,android
DEV7CE2BEEE,android
DEV253CD6CA,android
DEVAAF6F38E,android
DEV4F46A1C1,web
DEVDF6160D8,web
DEV52428C29,pos_terminal
DEVD68512DA,web
DEV56BDFF5D,web
DEVC0624AA0,ios
DEVE4FA3D80,pos_terminal
DEV4E3166D5,pos_terminal
DEV6B660BB0,web
DEV93FEDDBB,pos_terminal
DEVA35EDB55,pos_terminal
DEVC9D93232,android
DEVD3F3E19D,ios
DEV7EC36F3B,pos_terminal
DEVDC0B7988,web
DEVD70D1004,web
DEVAA5D7C6C,android
DEVD4C5CA5D,ios
DEV343C85A6,android
DEV20D0402C,android
DEV4EB57796,ios
DEVC8182403,android
DEVE3349852,android
DEVFB6C3F0D,android
DEVF26DCAE5,ios
DEV90513ABF,android
DEV58360046,web
DEV360A4724,web
DEV8F62B9EF,pos_terminal
DEVC68568C3,web
DEV56FDED8A,android
DEVCD6BB2E5,android
DEV8D9BC035,web
DEVD5B726BB,ios
DEVA30A0A6E,web
DEV72C96638,android
DEVDDAA661F,pos_terminal
DEV18D33E5A,pos_terminal
DEV70900E94,pos_terminal
DEV11A02F3D,web
DEV8ABC2AF1,pos_terminal
DEV9EF3B307,android
DEV043AD752,ios
DEVB0181319,android
DEV8AC854E3,ios
DEVA4DE37FF,web
DEVAF72892B,ios
DEV622F1606,pos_terminal
DEVC6F3A6A9,pos_terminal
DEV4347BCE6,pos_terminal
DEV628D5934,pos_terminal
DEV3370E580,pos_terminal
DEVEB832BD6,ios
DEVCDA1E8B3,android
DEVCD696C58,pos_terminal
DEVD3173731,android
DEV872387CC,pos_terminal
DEV378F656B,web
DEV9035F975,web
DEV255AE40F,pos_terminal
DEVA058250B,pos_terminal
DEV0F7F3109,ios
DEV54339AEF,web
DEV8F8BE0B9,web
DEVF3804D74,web
DEVF07DB626,pos_terminal
DEV38E58BAC,pos_terminal
DEV8961A3DE,web
DEV930F4E49,ios
DEV9F9290E1,ios
DEV931F90DB,android
DEV184B9428,ios
DEV6D2971FB,ios
DEVCDC38995,pos_terminal
DEVA4684D69,web
DEV29E5CD34,pos_terminal
DEVABEBDEDD,pos_terminal
DEV00D2497B,ios
DEV91C4C0EE,android
DEV2183A39F,web
DEV13164F47,ios
DEV990F6320,ios
DEV33763F0E,pos_terminal
DEV139CF578,pos_terminal
DEV3D405475,ios
DEVFF993FB8,pos_terminal
DEVC3EDD409,pos_terminal
DEV3C091E1B,ios
DEVEE805B6B,pos_terminal
DEV254BAE48,web
DEVC2FCF584,web
DEVBC210573,android
DEVFFA7735C,pos_terminal
DEV218312EB,android
DEV5A3EC466,web
DEVFE9765D6,android
DEV036140BD,android
DEVA5F66FBB,ios
DEV2EDC2249,android
DEV3F71A079,web
DEVCB259279,pos_terminal
DEV13F801AD,web
DEV6A146A17,pos_terminal
DEV21B2D2F4,web
DEV131F7BDF,web
DEV70106C0F,android
DEVCC4DD43E,android
DEVBB6AD177,android
DEV07D10712,android
DEV4E591AB7,web
DEV4CF32286,pos_terminal
DEVB7E9B978,web
DEV31BDF826,ios
DEV7963B417,pos_terminal
DEVE30F188C,web
DEV218CF0CC,pos_terminal
DEV176C5D19,android
DEVB0A860AD,pos_terminal
DEV13C9ED85,pos_terminal
DEVE7408827,web
DEVAC18B880,android
DEV9A85EE0E,android
DEVE1BF6D12,web
DEVA2E5888F,ios
DEV75417315,pos_terminal
DEVA171880B,android
DEV7B32E327,ios
DEVABD2D940,web
DEVBADBF905,web
DEV194036AB,ios
DEVC14C227D,android
DEV1FEA8697,web
DEV7B7EA37E,pos_terminal
DEVB2B2BF7E,pos_terminal
DEV747D489A,web
DEV32DD4F65,pos_terminal
DEV053D8F34,android
DEVD0524CDB,ios
DEVC793AA31,android
DEVBEDED9F4,ios
DEV240BECAE,ios
DEV8379FA1D,web
DEVACA5416D,web
DEVA3B95398,pos_terminal
DEVE7598378,ios
DEV3650160F,android
DEVB69DE4E9,android
DEV3EDF8248,android
DEVB272A5A8,pos_terminal
DEV2A1D3A61,android
DEV74C768F4,pos_terminal
DEV5F946260,pos_terminal
DEV2F651D8C,ios
DEVBF5979FF,pos_terminal
DEVBF93739D,pos_terminal
DEVA7D35EA3,web
DEVC4FFD709,web
DEV6D1A8ADC,pos_terminal
DEVDC818F7A,android
DEV9ED7563A,ios
DEV00C2AB21,ios
DEVB65C795B,web
DEVD670103C,pos_terminal
DEV15990771,web
DEV3CC48222,pos_terminal
DEV0043C69A,pos_terminal
DEV098E638F,pos_terminal
DEV9D27D8F9,ios
DEVC0FCB3E7,android
DEVC7EBF39A,ios
DEV2356F724,pos_terminal
DEVF71F8D9A,ios
DEV1AD086FF,web
DEV7AEF23D2,pos_terminal
DEV405356E3,android
DEVDF5F4DC0,web
DEV3D98AB54,web
DEV6B8FE6A4,ios
DEVF0AD54F2,android
DEV9663EA31,pos_terminal
DEV52B7B068,web
DEVD9BC8624,android
DEV685834CA,web
DEVF6507624,ios
DEV5F0A214E,pos_terminal
DEVFA937CCC,pos_terminal
DEVB9A26584,pos_terminal
DEVEF83DB50,web
DEVEBD66CB5,android
DEV6EB609A3,web
DEV80818FC1,web
DEV810FEF5F,android
DEV1B04542D,android
DEV1E1A3860,web
DEVA5B0CD12,ios
DEV4825E186,pos_terminal
DEV5098B3AE,android
DEVE232525A,android
DEV506BE279,ios
DEV491C9584,web
DEVD7686598,pos_terminal
DEV82FBBBE5,android
DEVC46DB96A,web
DEV2686E813,ios
DEVF4EABC1A,android
DEVB05DFAA3,ios
DEVB95E50EE,pos_terminal
DEVCF78BAFC,web
DEV173DD8C0,ios
DEV59644A12,web
DEV4BEC5E04,ios
DEV5992576D,android
DEV74B0F5B3,pos_terminal
DEVC6FCE73C,ios
DEVA4CA9DC2,web
DEVF0757BBA,android
DEVC274F616,web
DEVD2AC5D49,web
DEVCF18D55C,android
DEVE2B3C05A,ios
DEVCE0FCD19,pos_terminal
DEV83EBFAB3,ios
DEVDC240A86,pos_terminal
DEVD1E913FE,web
DEV1B8DA908,ios
DEV9BD0EA91,android
DEVB1C75234,ios
DEVFD8BE7E1,android
DEVAB143C2A,web
DEVDC0582D3,ios
DEV8971BF6D,web
DEV581C5980,pos_terminal
DEV60D488EA,android
DEV770A729E,pos_terminal
DEVACF0AAAB,pos_terminal
DEV4EF65C8C,android
DEV2FB26B99,web
DEVEE045BDD,android
DEV9F7C4C33,pos_terminal
DEV663955CD,web
DEV6D8AB3AC,ios
DEVCFE9E55C,web
DEV0AE53CDD,pos_terminal
DEV60742D0A,ios
DEV5F2B0C65,pos_terminal
DEVB75F6A49,android
DEV06EE7E75,pos_terminal
DEV3A57E201,pos_terminal
DEVFC2D830E,pos_terminal
DEV19C1BCED,android
DEV34835BDA,ios
DEV7F683A2E,pos_terminal
DEV78A9EAE8,web
DEV144907BB,web
DEV959FE944,ios
DEV9C870694,android
DEV8BCF5B4A,web
DEVCF5F5FC0,android
DEVA7967483,ios
DEVBFE076B1,pos_terminal
DEV3A2821E7,ios
DEV8577E518,web
DEV26249167,ios
DEVFE31A26F,android
DEVE2F636F9,android
DEVD3E6E08D,web
DEVF5AF9987,web
DEV89E35F0A,pos_terminal
DEVF552D93E,web
DEV5637699A,pos_terminal
DEV3964A56C,ios
DEV55AFD878,pos_terminal
DEV9B49ABAE,web
DEVDCD0C1DB,ios
DEVE806689B,android
DEVADCA66E8,android
DEV275AFF1C,pos_terminal
DEV78C131A8,web
DEVE93F42AD,ios
DEV4962E7A8,web
DEV042ABE65,web
DEVE7EBA688,android
DEV43DDCF11,web
DEV0D1AF9A2,android
DEV2352E62D,web
DEVEE4A25AE,pos_terminal
DEV0C90C007,web
DEVD487AE6B,ios
DEV64695301,ios
DEVB2AA7669,ios
DEVD876B04E,android
DEVC0E6C1EE,pos_terminal
DEV66C32535,ios
DEV3FBAD662,web
DEVF83E00CD,pos_terminal
DEV3BB92D97,android
DEVCF08A147,ios
DEV0444F116,web
DEVBD5D5545,web
DEV350F69CB,web
DEVA00A0F14,pos_terminal
DEV1C5530B7,android
DEVD23FEDE4,android
DEV9FF84AB3,pos_terminal
DEVF6474472,android
DEVC9377859,web
DEVE84ADB41,pos_terminal
DEV16504175,pos_terminal
DEVA0FFB6CE,ios
DEVE8E38AA5,web
DEVAFE3A82B,pos_terminal
DEV0437E339,ios
DEVB9ED25C6,ios
DEV706B41B7,ios
DEVB53574D6,web
DEV1C9CDFEA,ios
DEV90289621,pos_terminal
DEV44F57C5D,pos_terminal
DEV67B2784C,android
DEV46E48A03,web
DEV3F7E93E4,android
DEVA81C83ED,ios
DEVF9732B7F,pos_terminal
DEVD13888AD,web
DEVB203F7F7,pos_terminal
DEV83FCC133,android
DEV37BDC1BE,pos_terminal
DEV1CD0650A,android
DEV9D0E8BBB,ios
DEV8E1AE856,web
DEVCB5F2AB7,web
DEV932CAF5C,ios
DEV8FBAEB55,web
DEV036995C2,ios
DEV22C84ABC,ios
DEVC392A7E1,ios
DEV480F7777,pos_terminal
DEV640970FE,pos_terminal
DEV6D5CC8B8,pos_terminal
DEVBB7AB24A,ios
DEV43FA37B7,pos_terminal
DEV81EEFD25,android
DEVE1BF42B2,web
DEV80FD4C6E,web
DEV9A7D4A01,web
DEV322D5675,ios
DEV0F3A23CC,pos_terminal
DEVCF4A539B,ios
DEVD8F258C6,ios
DEVB2AE3801,android
DEVB35000AC,web
DEV0B256F56,web
DEV34B5E54E,android
DEV13993B55,android
DEVF64AECE3,android
DEVA7B47F6C,android
DEVB1F32AC6,web
DEVA4E69DCD,pos_terminal
DEV2F0F3AFC,web
DEVF9116295,web
DEV1019C6B1,pos_terminal
DEV5B163E57,web
DEV26F601C6,android
DEV907A5C7B,pos_terminal
DEV14478D96,web
DEVD0DDC86F,web
DEV0C1E4723,android
DEV5F25A58C,web
DEV99833C62,pos_terminal
DEV641FF337,android
DEVC5227DBE,ios
DEVE166A104,web
DEV85BE61CC,ios
DEV92756AE0,pos_terminal
DEV27954A13,android
DEVD05AB143,ios
DEV0C01C371,android
DEV0FC9CE7F,web
DEVBEF4EB74,web
DEV5C85B0D9,ios
DEV1ED7C4B6,pos_terminal
DEVDDEEECEB,web
DEVAC467666,web
DEVEDB96C4F,android
DEVE9D166A5,pos_terminal
DEVD5E06C58,ios
DEVC64DAE74,pos_terminal
DEVA1322001,web
DEV2AB64692,web
DEVAEFA5993,ios
DEV45D3D5F8,ios
DEV34E314CF,pos_terminal
DEVF50BE5E0,pos_terminal
DEVBA2B2549,pos_terminal
DEV436A92BF,android
DEVD5B8680F,web
DEV51798EDA,android
DEV8E2A1400,web
DEVC6FCC18C,web
DEVBDDA4B86,pos_terminal
DEV982E2A30,ios
DEV3725B247,android
DEV200A24EA,android
DEV31462522,android
DEVD7612CA6,pos_terminal
DEV6F5F91E5,android
DEV25684632,ios
DEV5A75C9D9,ios
DEVD8B70895,android
DEV12FB1D2E,android
DEV2AB28AEB,pos_terminal
DEVBF9FA675,android
DEVBDEEACEE,pos_terminal
DEV44CD04AC,ios
DEVCB0D5456,android
DEV0CF48A60,pos_terminal
DEVC59876FF,pos_terminal
DEVD5F1B32A,pos_terminal
DEV947F6DF0,web
DEV5A9D349A,web
DEV4BF20EBD,ios
DEV6A7AF8AA,ios
DEV4A777FF0,web
DEV3C4A2FE8,android
DEVEC684B1F,ios
DEV70ABF48A,pos_terminal
DEVA6639169,ios
DEVCD098649,android
DEV0D2BE4EC,ios
DEVEA38E86E,web
DEV54A031AF,web
DEV4AC0DAC5,web
DEV19A114F2,android
DEV443572BB,web
DEV2DA2FC1D,pos_terminal
DEV426E5387,ios
DEV1017F117,ios
DEV44AACC09,pos_terminal
DEV0D216167,pos_terminal
DEV0B2B5C64,android
DEV98BC568A,ios
DEVA8C39E0E,pos_terminal
DEV6531C366,web
DEV69BE1786,android
DEV9065A6FC,web
DEVEC5FF972,android
DEV0010809E,pos_terminal
DEV531B66DB,android
DEV8D091394,web
DEVE630F503,android
DEV7E880F24,ios
DEV2CC01FDE,pos_terminal
DEV501289F6,web
DEV0867E01D,pos_terminal
DEV719B2BEF,ios
DEVBB4ABD5C,web
DEVEB94FDBD,android
DEV84ABEE51,web
DEV4A546C2D,android
DEV130857AF,android
DEVABCC7BD3,ios
DEVE4603F42,web
DEV7C963600,android
DEV9365228E,android
DEVDBC09ACB,ios
DEV9DF1F1FA,web
DEV08FC3DBF,android
DEVC1F2F822,ios
DEV3ECA7F1A,web
DEVE6D3040E,android
DEV5E8C183F,ios
DEV3D768A69,ios
DEV891960FB,web
DEV27833D49,web
DEVD270041E,android
DEV5709CCD5,android
DEV0B34E221,web
DEV4B4BC206,web
DEV8F03CB83,ios
DEV918532D6,ios
DEV71919F92,pos_terminal
DEV5BE857FE,ios
DEV7B07B866,pos_terminal
DEVE869EAB0,android
DEV0B20DBDC,pos_terminal
DEV0A2DDB46,web
DEV396AD078,android
DEV8109DE90,web
DEV06258DB6,android
DEVD8364EAC,android
DEV83E38ECA,android
DEVF89D8237,web
DEV883BA3EF,web
DEVB0E278AC,web
DEVAAD520D1,web
DEV6EF4AF91,web
DEV44A088B3,android
DEVC564DBF5,web
DEVED993B1F,web
DEVD7AF9C23,ios
DEV0BFB438F,web
DEVD941445B,web
DEV70207AC2,web
DEV33F14E47,web
DEV2AA56EEB,ios
DEVB78C4A19,android
DEV89EB6977,android
DEV2CD889A0,pos_terminal
DEVC94CC20D,ios
DEV9487528E,web
DEV6B85ED46,android
DEVAE63960B,pos_terminal
DEV13139A9F,ios
DEV6B248E08,ios
DEV2A915481,pos_terminal
DEV0E68A630,android
DEV21FC8E79,android
DEV9CA0640E,pos_terminal
DEVC1A24EF4,ios
DEV45DB2BB3,pos_terminal
DEV6F15D510,web
DEV8DBE423E,ios
DEV0730BA75,web
DEV8C5AED48,pos_terminal
DEV987F3107,android
DEV3AD84C96,pos_terminal
DEV79A840D0,pos_terminal
DEV9EA978CE,pos_terminal
DEV227AC8F2,ios
DEV0D75D415,android
DEVB6CB6148,android
DEV635BB5E6,pos_terminal
DEVEC70E20C,web
DEV2BFE5AA6,android
DEV1A66FA35,ios
DEV8CCAE28D,web
DEV4D1853F4,web
DEVF27A61CB,web
DEV81F823BB,ios
DEVB0B1DC20,android
DEV4DA76CAD,web
DEVE30CFCEA,web
DEVA2ED01F9,pos_terminal
DEV0BFC0252,ios
DEV6EB9D46A,pos_terminal
DEV4DCA07F6,android
