entity_id,entity_type,fraud_pattern,ring_id
ACC218612D7BF,account,fan_in_collector,FANIN-1
ACCB917892B80,account,fan_in_feeder,FANIN-1
ACC6A884A71A2,account,fan_in_feeder,FANIN-1
ACC8006EBAC1C,account,fan_in_feeder,FANIN-1
ACCE6FA14FE6C,account,fan_in_feeder,FANIN-1
ACC8AA932DC3F,account,fan_in_feeder,FANIN-1
ACC22963B0E1F,account,fan_in_feeder,FANIN-1
ACC5B1C2707D5,account,fan_in_feeder,FANIN-1
ACC75811E4D62,account,fan_in_feeder,FANIN-1
ACC2F986BF98A,account,fan_in_collector,FANIN-2
ACC3D9E09D901,account,fan_in_feeder,FANIN-2
ACC8E5C43C72A,account,fan_in_feeder,FANIN-2
ACC7BA37C8703,account,fan_in_feeder,FANIN-2
ACC4DE5979F12,account,fan_in_feeder,FANIN-2
ACCCF940CC18D,account,fan_in_feeder,FANIN-2
ACCEDFE3AEC1D,account,fan_in_feeder,FANIN-2
ACC0049622105,account,fan_in_feeder,FANIN-2
ACC7CA9E053D5,account,fan_in_feeder,FANIN-2
ACCDEF28DBE89,account,fan_in_feeder,FANIN-2
ACC76CE145E6B,account,fan_in_feeder,FANIN-2
ACCE4AD6F9DC7,account,fan_in_feeder,FANIN-2
ACCF5B6726907,account,fan_in_feeder,FANIN-2
ACCE2A1C271C8,account,fan_in_feeder,FANIN-2
ACC346CE7EC00,account,fan_in_collector,FANIN-3
ACC1665C635A3,account,fan_in_feeder,FANIN-3
ACCDF370B1A84,account,fan_in_feeder,FANIN-3
ACC2B9424BE1C,account,fan_in_feeder,FANIN-3
ACC41393B91B0,account,fan_in_feeder,FANIN-3
ACCA47A830E7E,account,fan_in_feeder,FANIN-3
ACCBE8CA881D6,account,fan_in_feeder,FANIN-3
ACC790F05DE4D,account,fan_in_feeder,FANIN-3
ACC39A0F0E492,account,fan_in_feeder,FANIN-3
ACC8D88F1D9CA,account,fan_in_feeder,FANIN-3
ACC0F7B12A689,account,fan_in_feeder,FANIN-3
ACCF7000E3E14,account,fan_in_feeder,FANIN-3
ACC3774F03239,account,fan_in_feeder,FANIN-3
ACC05B148D60A,account,cycle_member,CYCLE-1
ACCD3C8D8DDA6,account,cycle_member,CYCLE-1
ACC5345F03347,account,cycle_member,CYCLE-1
ACC5B1255F3DF,account,cycle_member,CYCLE-1
ACCF3140A76EF,account,cycle_member,CYCLE-1
ACC0034547400,account,cycle_member,CYCLE-2
ACC2E57C34954,account,cycle_member,CYCLE-2
ACCCD1B688A59,account,cycle_member,CYCLE-2
ACC756E2B7BEA,account,cycle_member,CYCLE-2
ACC43A3A9F7CB,account,cycle_member,CYCLE-2
ACC407A8C240B,account,cycle_member,CYCLE-2
ACC79D60299A0,account,cycle_member,CYCLE-3
ACC34B873717B,account,cycle_member,CYCLE-3
ACC00CE55A598,account,cycle_member,CYCLE-3
ACC5EF6843EDE,account,cycle_member,CYCLE-3
ACC8B540AF8BA,account,cycle_member,CYCLE-3
ACC3D702753BA,account,cycle_member,CYCLE-3
ACC7241811C6E,account,shared_device_member,DEVICE-1
ACC9B2756327E,account,shared_device_member,DEVICE-1
ACC1C7F134DFF,account,shared_device_member,DEVICE-1
ACC587298D518,account,shared_device_member,DEVICE-1
ACCF800DBB78F,account,shared_device_member,DEVICE-1
ACCD13637420F,account,shared_device_member,DEVICE-1
ACCE3449C7982,account,shared_device_member,DEVICE-1
DEV987F3107,device,shared_device,DEVICE-1
ACC8B3B32C273,account,shared_device_member,DEVICE-2
ACC2AA38C5703,account,shared_device_member,DEVICE-2
ACCDB4DB70E99,account,shared_device_member,DEVICE-2
ACC88D058DCD8,account,shared_device_member,DEVICE-2
ACC7738E47A58,account,shared_device_member,DEVICE-2
ACCC72942A2CC,account,shared_device_member,DEVICE-2
ACC3BE648632A,account,shared_device_member,DEVICE-2
ACC9BF4E5C0F3,account,shared_device_member,DEVICE-2
ACC4A2640E37E,account,shared_device_member,DEVICE-2
DEV3AD84C96,device,shared_device,DEVICE-2
ACC8665952246,account,shared_device_member,DEVICE-3
ACCEEFF637A07,account,shared_device_member,DEVICE-3
ACCEC7080E93C,account,shared_device_member,DEVICE-3
ACCF9D671798C,account,shared_device_member,DEVICE-3
ACC0DF1816696,account,shared_device_member,DEVICE-3
ACCC82CE510D3,account,shared_device_member,DEVICE-3
ACC4D620271D5,account,shared_device_member,DEVICE-3
ACC3355CDEBBB,account,shared_device_member,DEVICE-3
ACCFF79C73A43,account,shared_device_member,DEVICE-3
DEV79A840D0,device,shared_device,DEVICE-3
ACCBD6C7E6281,account,rapid_passthrough,PASSTHROUGH-1
ACC8BE14D3908,account,rapid_passthrough,PASSTHROUGH-1
ACC9B1BC6B69F,account,rapid_passthrough,PASSTHROUGH-1
ACCA5C6B18684,account,rapid_passthrough,PASSTHROUGH-2
ACC070D03ACEF,account,rapid_passthrough,PASSTHROUGH-2
ACC8F61C40AB9,account,rapid_passthrough,PASSTHROUGH-2
ACC586105935C,account,rapid_passthrough,PASSTHROUGH-2
ACCA2ECEA2C20,account,rapid_passthrough,PASSTHROUGH-3
ACCA77D2621F4,account,rapid_passthrough,PASSTHROUGH-3
ACC340FBF0653,account,rapid_passthrough,PASSTHROUGH-3
ACCF13F907E55,account,rapid_passthrough,PASSTHROUGH-3
ACCA030A20B32,account,rapid_passthrough,PASSTHROUGH-4
ACC932B444ABE,account,rapid_passthrough,PASSTHROUGH-4
ACCE3BD0B4BC4,account,rapid_passthrough,PASSTHROUGH-4
ACC11E48BBA43,account,rapid_passthrough,PASSTHROUGH-4
